{"train_loss": 0.08979771923232864, "val_loss": 0.08992873264755134, "_timestamp": 1686764052.0978396, "_runtime": 1069.2937726974487, "_step": 999, "_wandb": {"runtime": 1068}}