{"epoch": 19, "train_loss": 6.162169, "val_loss": 6.894646, "train_time": 66.16363477706909, "_timestamp": 1687271314.0324042, "_runtime": 66.88513326644897, "_step": 19, "_wandb": {"runtime": 67}}