{"epoch": 19, "train_loss": 6.164116, "val_loss": 6.909535, "train_time": 66.14857339859009, "_timestamp": 1687275681.511704, "_runtime": 67.00977087020874, "_step": 19, "_wandb": {"runtime": 67}}