{"epoch": 19, "train_loss": 6.161287, "val_loss": 6.811711, "train_time": 66.1707444190979, "_timestamp": 1687271684.7513204, "_runtime": 66.9210593700409, "_step": 19, "_wandb": {"runtime": 67}}