{"epoch": 19, "train_loss": 4.429789, "val_loss": 6.512582, "train_time": 58.2206244468689, "_timestamp": 1687268885.5984678, "_runtime": 58.9387629032135, "_step": 19, "_wandb": {"runtime": 59}}