{"epoch": 24, "train_loss": 6.353138, "val_loss": 6.640725, "train_time": 959.1687109470367, "Accuracy": 0.8527020796427964, "Class_0_Recall": 0.877341795325563, "Class_1_Recall": 0.9779665189561793, "Class_2_Recall": 0.7955844312097696, "Class_3_Recall": 0.8393678856866069, "Class_4_Recall": 0.7764359528959385, "Class_0_Precision": 0.778945657474129, "Class_1_Precision": 0.9994967920493144, "Class_2_Precision": 0.962028078853568, "Class_3_Precision": 0.722219327949987, "Class_4_Precision": 0.8546392434362806, "Recall": 0.8533393168148115, "Precision": 0.8634658199526559, "Macro_F1": 0.8549645903875378, "Micro_F1": 0.8527020796427964, "Weighted_F1": 0.8545331303941929, "fp_rate": 0.122658204674437, "detection_rate": 0.8405521938701191, "_timestamp": 1686931756.2804952, "_runtime": 997.3481171131134, "_step": 24}