{"epoch": 49, "train_loss": 6.14934, "val_loss": 7.077547, "train_time": 280.14021944999695, "Accuracy": 0.982054890921886, "Class_0_Recall": 0.9965004960982543, "Class_1_Recall": 0.9618761552680222, "Class_2_Recall": 0.6502347417840375, "Class_3_Recall": 0.7397959183673469, "Class_4_Recall": 0.6810661764705882, "Class_0_Precision": 0.9840843186843743, "Class_1_Precision": 0.9763133208255159, "Class_2_Precision": 0.9946140035906643, "Class_3_Precision": 0.9830508474576272, "Class_4_Precision": 0.8288590604026845, "Recall": 0.8058946975976499, "Precision": 0.9533843101921733, "Macro_F1": 0.8675295403940215, "Micro_F1": 0.982054890921886, "Weighted_F1": 0.9810526759529478, "fp_rate": 0.003499503901745693, "detection_rate": 0.7410767979790267, "_timestamp": 1687175581.9551313, "_runtime": 850.2234492301941, "_step": 149, "_wandb": {"runtime": 850}}