{"epoch": 100, "train_loss": 6.150028, "val_loss": 7.022573, "train_time": 3901.151066303253, "Accuracy": 0.8411026717464631, "Class_0_Recall": 0.8669206118870548, "Class_1_Recall": 0.977802037845706, "Class_2_Recall": 0.7454822954822955, "Class_3_Recall": 0.8498181818181818, "Class_4_Recall": 0.7648840167161286, "Class_0_Precision": 0.7811495505311904, "Class_1_Precision": 0.9921230769230769, "Class_2_Precision": 0.9659837038209003, "Class_3_Precision": 0.7203698946827639, "Class_4_Precision": 0.8040364168841918, "Recall": 0.8409814287498734, "Precision": 0.8527325285684247, "Macro_F1": 0.8423944032349862, "Micro_F1": 0.8411026717464631, "Weighted_F1": 0.842357372510031, "fp_rate": 0.13307938811294517, "detection_rate": 0.8250441441151123, "_timestamp": 1686930720.4729462, "_runtime": 3938.0628912448883, "_step": 100, "_wandb": {"runtime": 3949}}