{"train_loss": 0.09024210384913853, "val_loss": 0.08830144995553524, "_timestamp": 1686762442.5898259, "_runtime": 91.8307957649231, "_step": 90, "_wandb": {"runtime": 91}}