{"epoch": 19, "train_loss": 6.148508, "val_loss": 6.863716, "train_time": 737.2890226840973, "Accuracy": 0.9831590186609721, "Class_0_Recall": 0.9979217505564345, "Class_1_Recall": 0.9634935304990758, "Class_2_Recall": 0.607981220657277, "Class_3_Recall": 0.7410714285714286, "Class_4_Recall": 0.6920955882352942, "Class_0_Precision": 0.9838984731310728, "Class_1_Precision": 0.9985632183908046, "Class_2_Precision": 0.9961538461538462, "Class_3_Precision": 0.8924731182795699, "Class_4_Precision": 0.9716129032258064, "Recall": 0.800512703703902, "Precision": 0.9685403118362199, "Macro_F1": 0.868961436961319, "Micro_F1": 0.9831590186609721, "Weighted_F1": 0.9820360473313164, "fp_rate": 0.002078249443565494, "detection_rate": 0.7303318828255075, "_timestamp": 1687177949.2249022, "_runtime": 773.9988970756531, "_step": 19, "_wandb": {"runtime": 773}}