{"train_loss": 5.58774471282959, "val_loss": 0.1614032604678803, "_timestamp": 1686744866.7707598, "_runtime": 32.863457918167114, "_step": 21, "_wandb": {"runtime": 33}}