{"epoch": 19, "train_loss": 6.171153, "val_loss": 6.992199, "train_time": 66.48647379875183, "_timestamp": 1687276569.4715836, "_runtime": 67.22394371032715, "_step": 19, "_wandb": {"runtime": 67}}