{"train_loss": 0.0902095254436954, "val_loss": 0.09098216670351353, "_timestamp": 1686761051.4755795, "_runtime": 93.30298042297363, "_step": 63, "_wandb": {"runtime": 93}}