{"train_loss": 0.0901916453078553, "val_loss": 0.09081014781151085, "_timestamp": 1686760943.9244342, "_runtime": 82.52431130409241, "_step": 33, "_wandb": {"runtime": 83}}