{"epoch": 43, "train_loss": 6.147062, "val_loss": 6.896708, "train_time": 239.70379447937012, "Accuracy": 0.8570336576961344, "Class_0_Recall": 0.91715868281697, "Class_1_Recall": 0.9688602359810242, "Class_2_Recall": 0.8477868655280251, "Class_3_Recall": 0.7644768856447689, "Class_4_Recall": 0.7871836883306026, "Class_0_Precision": 0.8136069114470842, "Class_1_Precision": 0.8614070188720057, "Class_2_Precision": 0.8823308505977342, "Class_3_Precision": 0.9087490961677512, "Class_4_Precision": 0.8316450827029106, "Recall": 0.8570932716602782, "Precision": 0.8595477919574972, "Macro_F1": 0.8556350758931549, "Micro_F1": 0.8570336576961344, "Weighted_F1": 0.8556341047186862, "fp_rate": 0.08284131718303, "detection_rate": 0.8350525131881871, "_timestamp": 1687174120.9727995, "_runtime": 243.3545114994049, "_step": 43, "_wandb": {"runtime": 246}}