{"test_loss": 9, "_timestamp": 1686656477.1582398, "_runtime": 0.6929278373718262, "_step": 9, "_wandb": {"runtime": 0}}