{"epoch": 52, "train_loss": 5.593471, "val_loss": 6.895173, "train_time": 141.7762851715088, "_timestamp": 1687267689.8576283, "_runtime": 142.49032139778137, "_step": 52, "_wandb": {"runtime": 143}}