{"train_loss": 5.351443767547607, "val_loss": 0.15485328256689027, "_timestamp": 1686756469.2551687, "_runtime": 232.1118347644806, "_step": 161, "_wandb": {"runtime": 232}}