{"train_loss": 5.524241924285889, "val_loss": 0.15869838764633434, "_timestamp": 1686744707.323385, "_runtime": 17.147811889648438, "_step": 10, "_wandb": {"runtime": 17}}