{"epoch": 19, "train_loss": 6.161888, "val_loss": 7.001888, "train_time": 66.61045432090759, "_timestamp": 1687270088.0413356, "_runtime": 67.36287569999695, "_step": 19, "_wandb": {"runtime": 67}}