{"train_loss": 5.440890312194824, "val_loss": 0.15695285384027666, "_timestamp": 1686758500.1702588, "_runtime": 1725.644684791565, "_step": 999, "_wandb": {"runtime": 1725}}