{"epoch": 9, "train_loss": 5.6269, "val_loss": 6.65199, "train_time": 26.994051694869995, "_timestamp": 1687267727.565206, "_runtime": 27.72029399871826, "_step": 9, "_wandb": {"runtime": 27}}