{"epoch": 19, "train_loss": 4.438139, "val_loss": 6.638242, "train_time": 57.699798822402954, "_timestamp": 1687268702.2563472, "_runtime": 59.23578214645386, "_step": 19, "_wandb": {"runtime": 58}}