{"train_loss": 0.09004903431777116, "val_loss": 0.08664600114786054, "_timestamp": 1686762970.7306402, "_runtime": 198.82736110687256, "_step": 56, "_wandb": {"runtime": 199}}