{"epoch": 19, "train_loss": 6.161383, "val_loss": 6.694683, "train_time": 66.30931758880615, "_timestamp": 1687269477.14726, "_runtime": 67.05013489723206, "_step": 19, "_wandb": {"runtime": 111}}