{"epoch": 6, "train_loss": 7.388047, "val_loss": 7.466285, "train_time": 149.7499771118164, "Accuracy": 0.8499963600184426, "Class_0_Recall": 0.8791015861484441, "Class_1_Recall": 0.9784501126194679, "Class_2_Recall": 0.7758651712349307, "Class_3_Recall": 0.8387334315169367, "Class_4_Recall": 0.7790232670867668, "Class_0_Precision": 0.7646656134807793, "Class_1_Precision": 0.9957254367488539, "Class_2_Precision": 0.947831184056272, "Class_3_Precision": 0.7331044840163056, "Class_4_Precision": 0.8574763238628785, "Recall": 0.8502347137213093, "Precision": 0.8597606084330179, "Macro_F1": 0.8513842923887334, "Micro_F1": 0.8499963600184426, "Weighted_F1": 0.8514299326637463, "fp_rate": 0.12089841385155586, "detection_rate": 0.8356241830544641, "_timestamp": 1686932705.810221, "_runtime": 174.6219539642334, "_step": 6, "_wandb": {"runtime": 183}}