{"epoch": 19, "train_loss": 4.490325, "val_loss": 6.341206, "train_time": 58.14635133743286, "_timestamp": 1687268554.8571696, "_runtime": 58.88746666908264, "_step": 19, "_wandb": {"runtime": 59}}