{"epoch": 24, "train_loss": 6.353833, "val_loss": 6.608741, "train_time": 945.0792524814606, "Accuracy": 0.8695187944381082, "Class_0_Recall": 0.8567240966738454, "Class_1_Recall": 0.9773498062015504, "Class_2_Recall": 0.8530177371511592, "Class_3_Recall": 0.7566809029896279, "Class_4_Recall": 0.9036299981573613, "Class_0_Precision": 0.8036926875806724, "Class_1_Precision": 0.9993807282635621, "Class_2_Precision": 0.956099877866739, "Class_3_Precision": 0.9249701670644391, "Class_4_Precision": 0.7245506032996799, "Recall": 0.8694805082347088, "Precision": 0.8817388128150185, "Macro_F1": 0.8711745943249968, "Micro_F1": 0.8695187944381082, "Weighted_F1": 0.8713186719235835, "fp_rate": 0.14327590332615459, "detection_rate": 0.8651094610480132, "_timestamp": 1686931761.1037986, "_runtime": 982.900506734848, "_step": 24}