{"train_loss": 5.635070323944092, "val_loss": 0.16169978471355295, "_timestamp": 1686745183.1186874, "_runtime": 157.37687849998474, "_step": 115, "_wandb": {"runtime": 157}}