{"epoch": 19, "train_loss": 6.16632, "val_loss": 6.768878, "train_time": 66.19963669776917, "_timestamp": 1687271184.7320085, "_runtime": 66.93523740768433, "_step": 19, "_wandb": {"runtime": 67}}