{"train_loss": 6.181185245513916, "val_loss": 0.1617613274710519, "_timestamp": 1686745013.5291934, "_runtime": 12.218090295791626, "_step": 28, "_wandb": {"runtime": 11}}