{"epoch": 26, "train_loss": 6.147661, "val_loss": 6.921243, "train_time": 999.7620842456818, "Accuracy": 0.9746050620010192, "Class_0_Recall": 0.9983374004451476, "Class_1_Recall": 0.964648798521257, "Class_2_Recall": 0.607981220657277, "Class_3_Recall": 0.7410714285714286, "Class_4_Recall": 0.011029411764705883, "Class_0_Precision": 0.9744281002983824, "Class_1_Precision": 0.9985649366180339, "Class_2_Precision": 0.9961538461538462, "Class_3_Precision": 0.8986852281515855, "Class_4_Precision": 1.0, "Recall": 0.6646136519919632, "Precision": 0.9735664222443695, "Macro_F1": 0.7113550759479853, "Micro_F1": 0.9746050620010192, "Weighted_F1": 0.9675495130105681, "fp_rate": 0.001662599554852373, "detection_rate": 0.042239764078045854, "_timestamp": 1687177122.0466738, "_runtime": 1036.2497398853302, "_step": 26, "_wandb": {"runtime": 1060}}