{"epoch": 19, "train_loss": 6.169027, "val_loss": 7.008376, "train_time": 66.18827414512634, "_timestamp": 1687269341.0334907, "_runtime": 66.89703369140625, "_step": 19, "_wandb": {"runtime": 114}}