{"epoch": 6, "train_loss": 6.190137, "val_loss": 6.816026, "train_time": 37.42637920379639, "Accuracy": 0.8515615520881361, "Class_0_Recall": 0.8483491551734432, "Class_1_Recall": 0.9786007725795574, "Class_2_Recall": 0.8384185646755479, "Class_3_Recall": 0.7886252490490853, "Class_4_Recall": 0.805427671432033, "Class_0_Precision": 0.8289481360480718, "Class_1_Precision": 0.9165565956469305, "Class_2_Precision": 0.8703715505703906, "Class_3_Precision": 0.8220781672855435, "Class_4_Precision": 0.8165070007369197, "Recall": 0.8518842825819334, "Precision": 0.8508922900575712, "Macro_F1": 0.8510259270470776, "Micro_F1": 0.8515615520881362, "Weighted_F1": 0.85071985967089, "fp_rate": 0.15165084482655677, "detection_rate": 0.8467051607226181, "_timestamp": 1687174175.3053849, "_runtime": 41.21554684638977, "_step": 6, "_wandb": {"runtime": 43}}