{"epoch": 11, "train_loss": 0.209271, "val_loss": 5.5496, "train_time": 102.58948993682861, "Accuracy": 0.8724793127714819, "Class_0_Recall": 0.9387056066342166, "Class_1_Recall": 0.977831617201696, "Class_2_Recall": 0.7842581423401689, "Class_3_Recall": 0.766541051461049, "Class_4_Recall": 0.8928484848484849, "Class_0_Precision": 0.8281291417059853, "Class_1_Precision": 0.9726473069044463, "Class_2_Precision": 0.9007342754225547, "Class_3_Precision": 0.8988698927847001, "Class_4_Precision": 0.7870919484960197, "Recall": 0.8720369804971231, "Precision": 0.8774945130627412, "Macro_F1": 0.8715499712435131, "Micro_F1": 0.8724793127714819, "Weighted_F1": 0.8717123111064091, "fp_rate": 0.06129439336578335, "detection_rate": 0.8470388168512252, "_timestamp": 1687173765.9132047, "_runtime": 109.65394878387451, "_step": 11, "_wandb": {"runtime": 113}}