{"epoch": 57, "train_loss": 6.179783, "val_loss": 6.825112, "train_time": 2823.5214030742645, "Accuracy": 0.8470237084132107, "Class_0_Recall": 0.8782771535580525, "Class_1_Recall": 0.9757593984962406, "Class_2_Recall": 0.7085859810817366, "Class_3_Recall": 0.7483423379174853, "Class_4_Recall": 0.9219272130749134, "Class_0_Precision": 0.7712179079142797, "Class_1_Precision": 1.0, "Class_2_Precision": 0.9709205716184779, "Class_3_Precision": 0.9491512225510045, "Class_4_Precision": 0.6754206356271699, "Recall": 0.8465784168256857, "Precision": 0.8733420675421865, "Macro_F1": 0.848958379034103, "Micro_F1": 0.8470237084132108, "Weighted_F1": 0.8492191660155198, "fp_rate": 0.12172284644194753, "detection_rate": 0.8235408681385297, "_timestamp": 1686936276.6940918, "_runtime": 2870.0883429050446, "_step": 57}