{"train_loss": 5.461806774139404, "val_loss": 0.15731357230428278, "_timestamp": 1686744349.694416, "_runtime": 92.25500702857971, "_step": 35, "_wandb": {"runtime": 93}}