{"epoch": 58, "train_loss": 4.431325, "val_loss": 6.006608, "train_time": 93.03571271896362, "_timestamp": 1687267927.0244255, "_runtime": 93.9134304523468, "_step": 58, "_wandb": {"runtime": 93}}