{"epoch": 19, "train_loss": 6.154112, "val_loss": 7.091105, "train_time": 66.13287425041199, "_timestamp": 1687269941.5147972, "_runtime": 66.86277318000793, "_step": 19, "_wandb": {"runtime": 67}}