{"train_loss": 5.265225887298584, "val_loss": 0.153282302021098, "_timestamp": 1686744825.5746422, "_runtime": 25.59595227241516, "_step": 16, "_wandb": {"runtime": 26}}