{"epoch": 99, "train_loss": 4.426218, "val_loss": 6.231739, "train_time": 136.28351879119873, "_timestamp": 1687268073.2331314, "_runtime": 137.03073644638062, "_step": 99, "_wandb": {"runtime": 156}}