{"epoch": 19, "train_loss": 6.167291, "val_loss": 6.973523, "train_time": 66.23696374893188, "_timestamp": 1687276251.4476347, "_runtime": 66.9805977344513, "_step": 19, "_wandb": {"runtime": 67}}