{"epoch": 7, "train_loss": 7.307685, "val_loss": 7.400371, "train_time": 356.52605748176575, "Accuracy": 0.8641073551894004, "Class_0_Recall": 0.8939624247583146, "Class_1_Recall": 0.9608938547486033, "Class_2_Recall": 0.8038054968287527, "Class_3_Recall": 0.7685510228785861, "Class_4_Recall": 0.8940703762328016, "Class_0_Precision": 0.7693474962063733, "Class_1_Precision": 0.998296637436124, "Class_2_Precision": 0.944629800525307, "Class_3_Precision": 0.8934074438893971, "Class_4_Precision": 0.7666527458759658, "Recall": 0.8642566350894118, "Precision": 0.8744668247866334, "Macro_F1": 0.8653068708027938, "Micro_F1": 0.8641073551894004, "Weighted_F1": 0.8653147890923089, "fp_rate": 0.10603757524168544, "detection_rate": 0.8502660795653807, "_timestamp": 1686933128.2378123, "_runtime": 404.6112563610077, "_step": 7}