{"train_loss": 5.2446112632751465, "val_loss": 0.15203083343994628, "_timestamp": 1686748347.1153603, "_runtime": 857.2081391811371, "_step": 588, "_wandb": {"runtime": 856}}