{"epoch": 99, "train_loss": 6.739486, "val_loss": 7.050612, "train_time": 4225.228462219238, "Accuracy": 0.8846004513577131, "Class_0_Recall": 0.9399454049135578, "Class_1_Recall": 0.9787504540501272, "Class_2_Recall": 0.852476161181175, "Class_3_Recall": 0.7907243230203245, "Class_4_Recall": 0.8611496471439773, "Class_0_Precision": 0.8428066358444384, "Class_1_Precision": 0.9907464150018385, "Class_2_Precision": 0.8861107558511319, "Class_3_Precision": 0.8648416886543535, "Class_4_Precision": 0.843943961695336, "Recall": 0.8846091980618324, "Precision": 0.8856898914094197, "Macro_F1": 0.8841987033054544, "Micro_F1": 0.8846004513577131, "Weighted_F1": 0.8841776078619727, "fp_rate": 0.060054595086442175, "detection_rate": 0.8656761038374075, "_timestamp": 1687185220.3257594, "_runtime": 5047.979251384735, "_step": 119, "_wandb": {"runtime": 5047}}