{"epoch": 19, "train_loss": 6.167851, "val_loss": 7.048675, "train_time": 66.29421877861023, "_timestamp": 1687277291.3840787, "_runtime": 67.02241563796997, "_step": 19, "_wandb": {"runtime": 113}}