{"epoch": 14, "train_loss": 0.215181, "val_loss": 5.385504, "train_time": 79.85560774803162, "Accuracy": 0.8496202285908419, "Class_0_Recall": 0.9045177045177045, "Class_1_Recall": 0.9729318734793188, "Class_2_Recall": 0.8129169193450576, "Class_3_Recall": 0.7921043100325968, "Class_4_Recall": 0.7668963849594971, "Class_0_Precision": 0.7845795382334251, "Class_1_Precision": 0.9885050367715221, "Class_2_Precision": 0.8569875974939266, "Class_3_Precision": 0.8036009553555025, "Class_4_Precision": 0.8247302041347029, "Recall": 0.8498734384668349, "Precision": 0.8516806663978158, "Macro_F1": 0.8495783025451249, "Micro_F1": 0.8496202285908419, "Weighted_F1": 0.8494288574949322, "fp_rate": 0.09548229548229548, "detection_rate": 0.8291227180305659, "_timestamp": 1687173865.5223505, "_runtime": 83.46725654602051, "_step": 14, "_wandb": {"runtime": 85}}