{"epoch": 19, "train_loss": 4.432651, "val_loss": 6.315018, "train_time": 58.067559003829956, "_timestamp": 1687269024.5146596, "_runtime": 58.79589557647705, "_step": 19, "_wandb": {"runtime": 59}}