{"epoch": 19, "train_loss": 6.172935, "val_loss": 6.867991, "train_time": 66.39252018928528, "_timestamp": 1687276146.4870813, "_runtime": 67.13641738891602, "_step": 19, "_wandb": {"runtime": 67}}