{"epoch": 19, "train_loss": 6.146608, "val_loss": 6.912691, "train_time": 53.643396615982056, "_timestamp": 1687267451.435754, "_runtime": 54.35261106491089, "_step": 19, "_wandb": {"runtime": 94}}