{"epoch": 72, "train_loss": 4.377913, "val_loss": 6.351863, "train_time": 248.39066314697266, "_timestamp": 1687268411.8339727, "_runtime": 249.1954197883606, "_step": 72, "_wandb": {"runtime": 250}}