{"epoch": 19, "train_loss": 6.172965, "val_loss": 6.905152, "train_time": 66.27011036872864, "_timestamp": 1687276451.8332675, "_runtime": 67.04919743537903, "_step": 19, "_wandb": {"runtime": 67}}