{"train_loss": 0.08998140445122352, "val_loss": 0.08768088338144188, "_timestamp": 1686762755.7923224, "_runtime": 116.29507637023926, "_step": 65, "_wandb": {"runtime": 116}}