{"epoch": 19, "train_loss": 6.158916, "val_loss": 7.049815, "train_time": 66.44880676269531, "_timestamp": 1687270278.9206483, "_runtime": 67.24308443069458, "_step": 19, "_wandb": {"runtime": 67}}