{"epoch": 19, "train_loss": 6.156372, "val_loss": 7.141665, "train_time": 66.18589234352112, "_timestamp": 1687270706.3247235, "_runtime": 67.00745248794556, "_step": 19, "_wandb": {"runtime": 67}}