{"epoch": 19, "train_loss": 6.157229, "val_loss": 6.806887, "train_time": 66.31153607368469, "_timestamp": 1687276766.8715205, "_runtime": 67.07391452789307, "_step": 19, "_wandb": {"runtime": 113}}