{"epoch": 2, "train_loss": 6.429471, "val_loss": 6.774259, "train_time": 80.21075081825256, "Accuracy": 0.9049115484481546, "Class_0_Recall": 0.9999865919390738, "Class_1_Recall": 0.0, "Class_2_Recall": 0.0, "Class_3_Recall": 0.0, "Class_4_Recall": 0.0, "Class_0_Precision": 0.9049225281191987, "Class_1_Precision": NaN, "Class_2_Precision": NaN, "Class_3_Precision": NaN, "Class_4_Precision": 0.0, "Recall": 0.19999731838781476, "Precision": NaN, "Macro_F1": 0.19001649692036254, "Micro_F1": 0.9049115484481546, "Weighted_F1": 0.8597521399035696, "fp_rate": 1.340806092620106e-05, "detection_rate": 0.0, "_timestamp": 1687175973.2832522, "_runtime": 116.61948418617249, "_step": 2, "_wandb": {"runtime": 125}}