{"train_loss": 0.09005954338954045, "val_loss": 0.09076819008736468, "_timestamp": 1686761680.3555553, "_runtime": 127.26844334602356, "_step": 126, "_wandb": {"runtime": 127}}