{"epoch": 19, "train_loss": 6.149025, "val_loss": 6.845891, "train_time": 53.565250635147095, "_timestamp": 1687267326.7289164, "_runtime": 54.309534311294556, "_step": 19, "_wandb": {"runtime": 94}}