{"epoch": 31, "train_loss": 7.066568, "val_loss": 7.075652, "train_time": 658.3674790859222, "Accuracy": 0.5683588536484748, "Class_0_Recall": 0.17621517307924256, "Class_1_Recall": 0.9639026154031578, "Class_2_Recall": 0.01866440431462853, "Class_3_Recall": 0.9228102189781022, "Class_4_Recall": 0.7636196319018405, "Class_0_Precision": 0.763921568627451, "Class_1_Precision": 0.9256365740740741, "Class_2_Precision": 0.2655172413793103, "Class_3_Precision": 0.4137169348241069, "Class_4_Precision": 0.5300430098369033, "Recall": 0.5690424087353942, "Precision": 0.5797670657483691, "Macro_F1": 0.49253621727617325, "Micro_F1": 0.5683588536484748, "Weighted_F1": 0.49245474175820075, "fp_rate": 0.8237848269207575, "detection_rate": 0.07016488898033672, "_timestamp": 1686925954.939752, "_runtime": 679.7568380832672, "_step": 31, "_wandb": {"runtime": 687}}