{"train_loss": 5.580718517303467, "val_loss": 0.1604927143593189, "_timestamp": 1686747315.5713916, "_runtime": 66.97284054756165, "_step": 45, "_wandb": {"runtime": 67}}