{"epoch": 19, "train_loss": 6.174678, "val_loss": 6.901626, "train_time": 66.23980665206909, "_timestamp": 1687277114.033695, "_runtime": 66.94158005714417, "_step": 19, "_wandb": {"runtime": 113}}