{"epoch": 89, "train_loss": 6.161614, "val_loss": 6.98968, "train_time": 3522.8581421375275, "Accuracy": 0.546895095731515, "Class_0_Recall": 0.08947654410432893, "Class_1_Recall": 0.9619515747314764, "Class_2_Recall": 0.0, "Class_3_Recall": 0.8957171741927578, "Class_4_Recall": 0.791996136898654, "Class_0_Precision": 1.0, "Class_1_Precision": 0.9783977286754721, "Class_2_Precision": NaN, "Class_3_Precision": 0.4302363224344448, "Class_4_Precision": 0.42662981629003416, "Recall": 0.5478282859854434, "Precision": NaN, "Macro_F1": 0.4540349149071017, "Micro_F1": 0.546895095731515, "Weighted_F1": 0.4535533853562062, "fp_rate": 0.9105234558956711, "detection_rate": 0.0, "_timestamp": 1686930726.520681, "_runtime": 3560.092978000641, "_step": 89, "_wandb": {"runtime": 3561}}