{"train_loss": 0.09010159240974175, "val_loss": 0.08885409687418716, "_timestamp": 1686761538.2481823, "_runtime": 475.4906961917877, "_step": 476, "_wandb": {"runtime": 474}}