{"train_loss": 0.09055862101879748, "val_loss": 0.08792264794362607, "_timestamp": 1686761725.9935422, "_runtime": 31.078150272369385, "_step": 29, "_wandb": {"runtime": 31}}