{"test_loss": 9, "_timestamp": 1686656670.7616878, "_runtime": 0.6941797733306885, "_step": 9, "_wandb": {"runtime": 0}}