{"train_loss": 0.0903605233181964, "val_loss": 0.09001570293622113, "_timestamp": 1686761886.118104, "_runtime": 147.7885000705719, "_step": 146, "_wandb": {"runtime": 147}}