{"epoch": 74, "train_loss": 4.832011, "val_loss": 5.710192, "train_time": 529.0156083106995, "Accuracy": 0.873850372491446, "Class_0_Recall": 0.8728859464339452, "Class_1_Recall": 0.9785345089692916, "Class_2_Recall": 0.8491879350348028, "Class_3_Recall": 0.7773096415704952, "Class_4_Recall": 0.8906824067939529, "Class_0_Precision": 0.8229586336038132, "Class_1_Precision": 0.9919861915916657, "Class_2_Precision": 0.9091978819376348, "Class_3_Precision": 0.8766613869568212, "Class_4_Precision": 0.7884830711810183, "Recall": 0.8737200877604977, "Precision": 0.8778574330541906, "Macro_F1": 0.8742089759766376, "Micro_F1": 0.873850372491446, "Weighted_F1": 0.8741191020590227, "fp_rate": 0.12711405356605476, "detection_rate": 0.8679133041108934, "_timestamp": 1687174720.191996, "_runtime": 533.0217621326447, "_step": 74, "_wandb": {"runtime": 534}}