{"train_loss": 5.470401763916016, "val_loss": 0.1577840637526026, "_timestamp": 1686745562.1347952, "_runtime": 360.12862610816956, "_step": 238, "_wandb": {"runtime": 359}}