{"train_loss": 0.09087902886526925, "val_loss": 0.09025985911290015, "_timestamp": 1686762542.9348087, "_runtime": 93.23286175727844, "_step": 106, "_wandb": {"runtime": 92}}