{"epoch": 4, "train_loss": 4.66817, "val_loss": 6.430109, "train_time": 17.19109582901001, "_timestamp": 1687268146.1574054, "_runtime": 17.95468831062317, "_step": 4, "_wandb": {"runtime": 19}}