{"epoch": 19, "train_loss": 6.288949, "val_loss": 7.615673, "train_time": 66.4883680343628, "_timestamp": 1687277668.0607588, "_runtime": 67.24462080001831, "_step": 19, "_wandb": {"runtime": 113}}