{"epoch": 8, "train_loss": 0.267203, "val_loss": 5.317777, "train_time": 75.05559134483337, "Accuracy": 0.8681720012618602, "Class_0_Recall": 0.9621551883025128, "Class_1_Recall": 0.9789860308285164, "Class_2_Recall": 0.8223168136211615, "Class_3_Recall": 0.7837429796485295, "Class_4_Recall": 0.7944824248290883, "Class_0_Precision": 0.7482203430318666, "Class_1_Precision": 0.9995696544940367, "Class_2_Precision": 0.9186820652173913, "Class_3_Precision": 0.8763589708960767, "Class_4_Precision": 0.8368595462656131, "Recall": 0.8683366874459617, "Precision": 0.8759381159809969, "Macro_F1": 0.8682799094557853, "Micro_F1": 0.8681720012618602, "Weighted_F1": 0.8684623265843027, "fp_rate": 0.03784481169748721, "detection_rate": 0.8381964569880197, "_timestamp": 1687173638.7238126, "_runtime": 82.15411567687988, "_step": 8, "_wandb": {"runtime": 86}}