{"epoch": 19, "train_loss": 6.160661, "val_loss": 6.973414, "train_time": 66.22318768501282, "_timestamp": 1687269790.7541127, "_runtime": 66.95415568351746, "_step": 19, "_wandb": {"runtime": 67}}