{"epoch": 19, "train_loss": 6.148099, "val_loss": 6.862963, "train_time": 53.65235495567322, "_timestamp": 1687265681.165485, "_runtime": 54.392146825790405, "_step": 19, "_wandb": {"runtime": 94}}