{"train_loss": 5.754098415374756, "val_loss": 0.1645491353292571, "_timestamp": 1686744669.8877072, "_runtime": 53.82010531425476, "_step": 35, "_wandb": {"runtime": 54}}