{"epoch": 19, "train_loss": 6.267359, "val_loss": 7.616, "train_time": 66.1163547039032, "_timestamp": 1687277832.7378757, "_runtime": 66.91922163963318, "_step": 19, "_wandb": {"runtime": 110}}