{"epoch": 22, "train_loss": 6.15524, "val_loss": 6.848811, "train_time": 849.6354398727417, "Accuracy": 0.9049236817200126, "Class_0_Recall": 1.0, "Class_1_Recall": 0.0, "Class_2_Recall": 0.0, "Class_3_Recall": 0.0, "Class_4_Recall": 0.0, "Class_0_Precision": 0.9049236817200126, "Class_1_Precision": NaN, "Class_2_Precision": NaN, "Class_3_Precision": NaN, "Class_4_Precision": NaN, "Recall": 0.2, "Precision": NaN, "Macro_F1": 0.19001783439490444, "Micro_F1": 0.9049236817200126, "Weighted_F1": 0.859758191465503, "fp_rate": 0.0, "detection_rate": 0.0, "_timestamp": 1687265579.7596934, "_runtime": 886.6559662818909, "_step": 22, "_wandb": {"runtime": 908}}