{"epoch": 5, "train_loss": 6.195649, "val_loss": 6.863852, "train_time": 20.200442790985107, "_timestamp": 1687270008.4334805, "_runtime": 20.903329610824585, "_step": 5, "_wandb": {"runtime": 23}}