{"train_loss": 5.4319987297058105, "val_loss": 0.15726318594038727, "_timestamp": 1686744992.1407921, "_runtime": 44.94489502906799, "_step": 32, "_wandb": {"runtime": 45}}