{"epoch": 19, "train_loss": 4.420377, "val_loss": 6.493378, "train_time": 66.60338282585144, "_timestamp": 1687269172.328832, "_runtime": 67.34718298912048, "_step": 19, "_wandb": {"runtime": 114}}