{"epoch": 28, "train_loss": 6.164323, "val_loss": 6.867711, "train_time": 1391.7948606014252, "Accuracy": 0.8362129631876531, "Class_0_Recall": 0.7508100507428013, "Class_1_Recall": 0.9781354388095961, "Class_2_Recall": 0.7834988727073304, "Class_3_Recall": 0.7498946100572117, "Class_4_Recall": 0.9181544028950542, "Class_0_Precision": 0.7647425119870478, "Class_1_Precision": 0.9950571516836577, "Class_2_Precision": 0.945928051202825, "Class_3_Precision": 0.9492300655587742, "Class_4_Precision": 0.6488087627328134, "Recall": 0.8360986750423987, "Precision": 0.8607533086330237, "Macro_F1": 0.8399048010011871, "Micro_F1": 0.8362129631876531, "Weighted_F1": 0.8398867625780111, "fp_rate": 0.24918994925719873, "detection_rate": 0.84721683814399, "_timestamp": 1686936273.9328613, "_runtime": 1438.6569683551788, "_step": 28}