{"train_loss": 0.09139921094035054, "val_loss": 0.0930733983890269, "_timestamp": 1686762624.855904, "_runtime": 73.37404608726501, "_step": 64, "_wandb": {"runtime": 73}}