{"train_loss": 5.261992931365967, "val_loss": 0.15339076269364033, "_timestamp": 1686744593.188926, "_runtime": 221.9996359348297, "_step": 150, "_wandb": {"runtime": 222}}