{"epoch": 19, "train_loss": 6.14606, "val_loss": 6.917462, "train_time": 53.50346565246582, "_timestamp": 1687267191.3912103, "_runtime": 54.20808124542236, "_step": 19, "_wandb": {"runtime": 94}}