{"epoch": 115, "train_loss": 6.308175, "val_loss": 6.695498, "train_time": 4480.430875778198, "Accuracy": 0.7735810138561965, "Class_0_Recall": 0.6841065549236756, "Class_1_Recall": 0.9628980603057586, "Class_2_Recall": 0.6109464771696401, "Class_3_Recall": 0.8718121628249141, "Class_4_Recall": 0.7397805969234541, "Class_0_Precision": 0.6694001874414246, "Class_1_Precision": 0.9984335839598998, "Class_2_Precision": 0.9594453414379334, "Class_3_Precision": 0.6327474972191324, "Class_4_Precision": 0.7368453180319863, "Recall": 0.7739087704294885, "Precision": 0.7993743856180753, "Macro_F1": 0.7750282196594412, "Micro_F1": 0.7735810138561966, "Weighted_F1": 0.7750702855286233, "fp_rate": 0.31589344507632444, "detection_rate": 0.7730776729915159, "_timestamp": 1686930718.9718888, "_runtime": 4517.502956867218, "_step": 115, "_wandb": {"runtime": 4534}}