{"test_loss": 9, "_timestamp": 1686656464.440385, "_runtime": 0.638181209564209, "_step": 9, "_wandb": {"runtime": 0}}