{"train_loss": 5.449312686920166, "val_loss": 0.15703638179256682, "_timestamp": 1686744789.4049826, "_runtime": 9.612391471862793, "_step": 5, "_wandb": {"runtime": 9}}