{"epoch": 99, "train_loss": 6.662079, "val_loss": 6.874906, "train_time": 4242.996227264404, "Accuracy": 0.8861171103399743, "Class_0_Recall": 0.9390438736635124, "Class_1_Recall": 0.9805925030229746, "Class_2_Recall": 0.8377674080358766, "Class_3_Recall": 0.7941872459195437, "Class_4_Recall": 0.879436890867525, "Class_0_Precision": 0.8394858272907053, "Class_1_Precision": 0.9832676568657169, "Class_2_Precision": 0.943682162604956, "Class_3_Precision": 0.8628782385127562, "Class_4_Precision": 0.8166024244455617, "Recall": 0.8862055843018866, "Precision": 0.8891832619439393, "Macro_F1": 0.8859895120027874, "Micro_F1": 0.8861171103399743, "Weighted_F1": 0.8859903985777104, "fp_rate": 0.060956126336487615, "detection_rate": 0.8677391000116051, "_timestamp": 1687184158.162961, "_runtime": 5052.2705290317535, "_step": 119, "_wandb": {"runtime": 5051}}