{"test_loss": 9, "_timestamp": 1686656418.9194744, "_runtime": 0.70550537109375, "_step": 9, "_wandb": {"runtime": 0}}