{"epoch": 19, "train_loss": 6.269734, "val_loss": 7.61601, "train_time": 66.30113315582275, "_timestamp": 1687277978.5084507, "_runtime": 66.9914038181305, "_step": 19, "_wandb": {"runtime": 110}}