{"train_loss": 5.554305553436279, "val_loss": 0.160171043337955, "_timestamp": 1686744934.9811358, "_runtime": 50.79736375808716, "_step": 35, "_wandb": {"runtime": 50}}