{"train_loss": 5.569370269775391, "val_loss": 0.1603851628582972, "_timestamp": 1686756222.754061, "_runtime": 35.67855095863342, "_step": 23, "_wandb": {"runtime": 36}}