{"epoch": 27, "train_loss": 5.623564, "val_loss": 6.704293, "train_time": 66.12983965873718, "_timestamp": 1687267806.1090791, "_runtime": 66.86376214027405, "_step": 27, "_wandb": {"runtime": 67}}