{"epoch": 23, "train_loss": 4.91508, "val_loss": 5.891633, "train_time": 907.8221392631531, "Accuracy": 0.8451673178189231, "Class_0_Recall": 0.8662759079098435, "Class_1_Recall": 0.9623626540399441, "Class_2_Recall": 0.8424501081990863, "Class_3_Recall": 0.7807944606413995, "Class_4_Recall": 0.773073146784487, "Class_0_Precision": 0.7800206757712607, "Class_1_Precision": 0.9999369244354737, "Class_2_Precision": 0.7537377648703883, "Class_3_Precision": 0.8505922053860915, "Class_4_Precision": 0.8701478104710595, "Recall": 0.8449912555149522, "Precision": 0.8508870761868547, "Macro_F1": 0.846050153261257, "Micro_F1": 0.8451673178189231, "Weighted_F1": 0.8459893538552381, "fp_rate": 0.13372409209015645, "detection_rate": 0.8332623882323762, "_timestamp": 1686931742.4726298, "_runtime": 945.5769658088684, "_step": 23}