{"train_loss": 5.486717700958252, "val_loss": 0.15854141686674247, "_timestamp": 1686756765.0760972, "_runtime": 74.35921216011047, "_step": 39, "_wandb": {"runtime": 74}}