{"epoch": 16, "train_loss": 6.658318, "val_loss": 7.034895, "train_time": 340.7258291244507, "Accuracy": 0.8082215050110413, "Class_0_Recall": 0.7300636234480202, "Class_1_Recall": 0.9621369930155618, "Class_2_Recall": 0.7172517251725172, "Class_3_Recall": 0.8344370860927153, "Class_4_Recall": 0.7985461478877436, "Class_0_Precision": 0.7519404504389872, "Class_1_Precision": 0.9990457408232076, "Class_2_Precision": 0.9100114198705748, "Class_3_Precision": 0.7308429118773946, "Class_4_Precision": 0.7033693712606277, "Recall": 0.8084871151233116, "Precision": 0.8190419788541583, "Macro_F1": 0.8100906807180432, "Micro_F1": 0.8082215050110413, "Weighted_F1": 0.8097707012115408, "fp_rate": 0.2699363765519798, "detection_rate": 0.818958535045827, "_timestamp": 1686923582.8357463, "_runtime": 361.0822503566742, "_step": 16, "_wandb": {"runtime": 379}}