{"epoch": 12, "train_loss": 4.536282, "val_loss": 6.277475, "train_time": 38.014413595199585, "_timestamp": 1687269091.3210366, "_runtime": 38.729172468185425, "_step": 12, "_wandb": {"runtime": 38}}