{"train_loss": 5.706525802612305, "val_loss": 0.16357596514338346, "_timestamp": 1686756598.6507995, "_runtime": 43.88344359397888, "_step": 29, "_wandb": {"runtime": 43}}