{"epoch": 19, "train_loss": 6.38307, "val_loss": 7.410191, "train_time": 66.88072729110718, "_timestamp": 1687278133.3497777, "_runtime": 67.67221474647522, "_step": 19, "_wandb": {"runtime": 112}}