{"epoch": 1, "train_loss": 6.669274, "val_loss": 7.170933, "train_time": 41.13627219200134, "Accuracy": 0.9049236817200126, "Class_0_Recall": 1.0, "Class_1_Recall": 0.0, "Class_2_Recall": 0.0, "Class_3_Recall": 0.0, "Class_4_Recall": 0.0, "Class_0_Precision": 0.9049236817200126, "Class_1_Precision": NaN, "Class_2_Precision": NaN, "Class_3_Precision": NaN, "Class_4_Precision": NaN, "Recall": 0.2, "Precision": NaN, "Macro_F1": 0.19001783439490444, "Micro_F1": 0.9049236817200126, "Weighted_F1": 0.859758191465503, "fp_rate": 0.0, "detection_rate": 0.0, "_timestamp": 1687176074.2337475, "_runtime": 77.39126658439636, "_step": 1, "_wandb": {"runtime": 80}}