{"epoch": 24, "train_loss": 6.556419, "val_loss": 6.763584, "train_time": 614.0329351425171, "Accuracy": 0.8564997937343785, "Class_0_Recall": 0.938230282375852, "Class_1_Recall": 0.9621657672952162, "Class_2_Recall": 0.7610966845824023, "Class_3_Recall": 0.7690441533236293, "Class_4_Recall": 0.8526085370302809, "Class_0_Precision": 0.7378673303340672, "Class_1_Precision": 0.9984899012143711, "Class_2_Precision": 0.94164674237896, "Class_3_Precision": 0.8667714813042586, "Class_4_Precision": 0.7958905664661142, "Recall": 0.8566290849214762, "Precision": 0.8681332043395542, "Macro_F1": 0.857225236146634, "Micro_F1": 0.8564997937343785, "Weighted_F1": 0.8572578635184612, "fp_rate": 0.06176971762414796, "detection_rate": 0.8287747054307705, "_timestamp": 1686931764.4582958, "_runtime": 638.7492508888245, "_step": 24}