{"epoch": 499, "train_loss": 0.144604, "val_loss": 5.298654, "train_time": 23787.75707769394, "Accuracy": 0.8337013759130287, "Class_0_Recall": 0.8165126532584406, "Class_1_Recall": 0.9711747643219725, "Class_2_Recall": 0.7079407806191117, "Class_3_Recall": 0.74744047979645, "Class_4_Recall": 0.924179829890644, "Class_0_Precision": 0.7550826630920465, "Class_1_Precision": 0.9972077438570365, "Class_2_Precision": 0.968287172621538, "Class_3_Precision": 0.9522265956625762, "Class_4_Precision": 0.6475947211579396, "Recall": 0.8334497015773238, "Precision": 0.8640797792782273, "Macro_F1": 0.8371121240669062, "Micro_F1": 0.8337013759130287, "Weighted_F1": 0.8372339733756864, "fp_rate": 0.18348734674155942, "detection_rate": 0.8226782805881199, "_timestamp": 1686960441.7051976, "_runtime": 23832.816088676453, "_step": 499, "_wandb": {"runtime": 23832}}