{"epoch": 19, "train_loss": 6.155318, "val_loss": 6.933555, "train_time": 735.7272727489471, "Accuracy": 0.9843359460312068, "Class_0_Recall": 0.9992759647099836, "Class_1_Recall": 0.9634935304990758, "Class_2_Recall": 0.6056338028169014, "Class_3_Recall": 0.7410714285714286, "Class_4_Recall": 0.6902573529411765, "Class_0_Precision": 0.9837640909210909, "Class_1_Precision": 0.9990416866315285, "Class_2_Precision": 0.9980657640232108, "Class_3_Precision": 0.9563786008230453, "Class_4_Precision": 0.9960212201591512, "Recall": 0.7999464159077132, "Precision": 0.9866542725116053, "Macro_F1": 0.8753456053574599, "Micro_F1": 0.9843359460312068, "Weighted_F1": 0.9831515777901676, "fp_rate": 0.0007240352900164115, "detection_rate": 0.7289712183781069, "_timestamp": 1687178748.704469, "_runtime": 772.2140889167786, "_step": 19, "_wandb": {"runtime": 775}}