{"train_loss": 5.682198524475098, "val_loss": 0.16249268321504515, "_timestamp": 1686756682.1554585, "_runtime": 70.77683854103088, "_step": 48, "_wandb": {"runtime": 70}}