{"train_loss": 7.205165360157307, "val_loss": 7.4496113303135285, "_timestamp": 1686923182.7566605, "_runtime": 149.51742434501648, "_step": 6, "_wandb": {"runtime": 163}}