{"train_loss": 5.283137321472168, "val_loss": 0.15355474630848906, "_timestamp": 1686744762.4274735, "_runtime": 35.8836305141449, "_step": 23, "_wandb": {"runtime": 35}}