{"epoch": 19, "train_loss": 6.174474, "val_loss": 6.834999, "train_time": 66.18294310569763, "_timestamp": 1687275522.8591156, "_runtime": 66.97325348854065, "_step": 19, "_wandb": {"runtime": 67}}