{"train_loss": 5.752908706665039, "val_loss": 0.16479627113358022, "_timestamp": 1686756487.9957967, "_runtime": 9.62860369682312, "_step": 5, "_wandb": {"runtime": 10}}